,date,title,source,link
0,2020-08-20,"Farmers face shortage of masks, gloves for every-day work due to COVID demand",Edmonton_Journal,na
1,2020-08-20,Canadian home prices rise in July but market still slow,Calgary_Herald,na
2,2020-08-20,Varcoe: Tech sector gets more traction in Calgary as big investors target Attabotics,Calgary_Herald,na
3,2020-08-20,"Dividend-rich Canadian and U.S. renewable energy stocks: Good under Trump, better under Biden?",Globe,na
4,2020-08-20,Ottawa eases EI eligibility as part of $37-billion in new emergency income supports,Globe,na
5,2020-08-20,"Pandemic-related immigration slowdown threatens Canadian economy, RBC report says",Globe,na
6,2020-08-20,Canadians risk becoming addicted to pandemic aid ,Globe,na
7,2020-08-20,"Ottawa, Ford government reach agreement with 3M to make N95 masks in Brockville, Ont. ",Globe,na
8,2020-08-20,"Johnson & Johnson to test potential coronavirus vaccine in ‘up to 60,000’ volunteers",Globe,na
9,2020-08-20,Universal health care delivered in an entrepreneurial way: Alberta’s Bill 30 is a start,Globe,na
10,2020-08-20,The pandemic has exposed the precarious economic situation of many Canadian families ,Globe,na
11,2020-08-20,Rosenberg: The most dangerous move for an investor right now? Counting on a stronger Canadian dollar,Globe,na
12,2020-08-20,National Bank shakes up its Dividend All-Stars portfolio ,Globe,na
13,2020-08-20,"Gold miners’ shares tumble following Mali military coup, but operators insist they can continue",Globe,na
14,2020-08-20,TD pays $122-million to settle case that alleged it charged US customers overdraft fees without consent,Globe,na
15,2020-08-20,Scotiabank’s lesson: Putting reputation before revenue is the key to end spoofing ,Globe,na
16,2020-08-20,"Turkey makes significant Black Sea gas find, sources say",Globe,na
17,2020-08-20,Saudi crude oil exports plunge to record low in June,Globe,na
18,2020-08-20,OPEC+ needs to cut daily output by more than 2 million barrels to make up for oversupply: document,Globe,na
19,2020-08-20,Canadian dollar extends pullback from 7-month high as oil prices fall,Globe,na
20,2020-08-20,"Canadian home prices edge up in July, but data point to a slowing market",Globe,na
21,2020-08-20,Teksavvy and other small ISPs to raise internet rates in response to cabinet decision last week,Globe,na
22,2020-08-20,Streetwise newsletter: Canadian securities regulators move to crack down on COVID-19 investment scams,Globe,na
23,2020-08-20,Canadian securities regulators move to crack down on COVID-19 investment scams,Globe,na
24,2020-08-20,BC Ferries reports $62-million first-quarter loss due to COVID-19 ,Globe,na
25,2020-08-20,Transport Canada to conduct flight test for Boeing 737 Max next week,Globe,na
26,2020-08-20,Banks fined for improper disclosure and charges on credit cards,Globe,na
27,2020-08-20,"Tesla’s soaring stock cracks $2,000 ahead of share split",Globe,na
28,2020-08-20,U.S. charges former Uber security chief with covering up massive 2016 hacking,Globe,na
29,2020-08-20,U.S. unemployment claims climb back above 1 million,Globe,na
30,2020-08-20,Market movers: Stocks that saw action on Thursday - and why,Globe,na
31,2020-08-20,Calgary ticketing startup Showpass’s pandemic turnaround idea: Hotel-balcony concerts,Globe,na
32,2020-08-20,U.S. judge narrows SEC lawsuit against VW over diesel emissions,Globe,na
33,2020-08-20,Novartis wins FDA approval to repurpose leukemia drug against multiple sclerosis,Globe,na
34,2020-08-20,Facebook stirs up anger after abandoning drilling gear on Oregon coast,Globe,na
35,2020-08-20,Choose the right lens to see where your decision-making is going wrong ,Globe,na
36,2020-08-20,"Liberals to replace CERB with new benefit, simplified EI program at cost of $37 billion",National_Post,https://financialpost.com/news/economy/cerb-replacement-new-benefit-simplified-ei-37-billion/wcm/54af1f83-fa26-4474-8e6b-32bbefa62c44/
37,2020-08-20,Gold fuels rally in junior mining that has the TSX Venture on fire,National_Post,https://financialpost.com
38,2020-08-20,Joe Biden gambles on energy policy some describe as 'Tet offensive' on fossil fuels,National_Post,https://financialpost.com
39,2020-08-20,Diane Francis: Trudeau's autocratic proclivities a clear and present danger to Canadian democracy,National_Post,https://financialpost.com
40,2020-08-20,Analysts express confidence in GFL Environmental in wake of negative short-seller report,National_Post,https://financialpost.com
41,2020-08-20,How K.C. Irving launched one of Canada's iconic business dynasties,National_Post,https://financialpost.com
42,2020-08-20,"Canadians want government to take care of them, but someone will have to pick up the bill",National_Post,https://financialpost.com
43,2020-08-20,Joe Oliver: Ontario is dealing with its high-cost surplus electricity,National_Post,https://financialpost.com
44,2020-08-20,How will the Pandemic Impact Real Estate in Canada’s Urban Centres?,CD_Howe,https://www.cdhowe.org/essential-public-policy-events/how-will-pandemic-impact-real-estate-canada%E2%80%99s-urban-centres
45,2020-08-20,Robert Mysicka – Protecting Consumers Against Costs of Increased Professional Regulation,CD_Howe,https://www.cdhowe.org/intelligence-memos/robert-mysicka-%E2%80%93-protecting-consumers-against-costs-increased-professional
46,2020-08-20,Support Digitization of Small Businesses and Boost Interprovincial Trade: Crisis Working Group on Business Continuity and Trade,CD_Howe,https://www.cdhowe.org/council-reports/support-digitization-small-businesses-and-boost-interprovincial-trade-crisis-working-group-business
48,2020-08-19,These 10 momentum stocks have led the pack in the TSX recovery,Globe,na
49,2020-08-19,"It’s not me, it’s you: Trump’s aluminum tariffs are a byproduct of his re-election woes",Globe,na
50,2020-08-19,"Ontario to set minimum standards for financial planner, adviser designations",Globe,na
51,2020-08-19,Canadian miner Midas Gold sues U.S. over Idaho water pollution,Globe,na
52,2020-08-19,Facebook removes hundreds of QAnon groups citing public safety risks,Globe,na
53,2020-08-19,Vancouver gold company B2Gold hit hard after military coup in Mali threatens supply chain,Globe,na
54,2020-08-19,"Victoria’s Secret parent L Brands reports surprise profit on demand for soaps, lingerie",Globe,na
55,2020-08-19,Airbnb files for IPO as short-term rental market rebounds,Globe,na
56,2020-08-19,Scotiabank to pay US$127.5-million to settle charges in price-manipulation scheme,Globe,na
57,2020-08-19,"Apple is worth US$2-trillion in market value, punctuating big tech’s grip",Globe,na
58,2020-08-19,Airbnb confidentially files for U.S. IPO,Globe,na
59,2020-08-19,Liberals plan to use regulations to create income support after CERB winds down,Globe,na
60,2020-08-19,Priced out of the big city? Here are seven housing markets young buyers can afford in COVID-19 times,Globe,na
61,2020-08-19,"Fed may tweak policy and stick with aggressive stimulus, minutes show",Globe,na
62,2020-08-19,Streetwise newsletter: Scotiabank to pay US$127.5 million to settle charges over price manipulation scheme in special metals unit,Globe,na
63,2020-08-19,"Toronto man brings masks to the masses with airport, mall PPE vending machines",Globe,na
64,2020-08-19,"Airbnb confidentially files for IPO, sets stage for blockbuster listing",Globe,na
65,2020-08-19,New record wood product prices boost shares and estimates for Canadian producers,Globe,na
66,2020-08-19,Trump calls for boycott of Goodyear tires after company bans political attire in the workplace,Globe,na
67,2020-08-19,Scotiabank to pay US$127.5 million to settle charges over price manipulation scheme in special metals unit,Globe,na
68,2020-08-19,Apple becomes first U.S. company valued at $2-trillion,Globe,na
69,2020-08-19,"Inflation may be low for now, but here's why it would be wise to keep a closer eye on it",National_Post,https://financialpost.com/news/economy/inflation-may-be-low-for-now-but-heres-why-it-would-be-wise-to-keep-a-closer-eye-on-it/wcm/beb3f624-f595-42ae-9957-f305ed159e42/
70,2020-08-19,Scotiabank to pay more than $120 million over metals-market manipulation probe and swap dealing,National_Post,https://financialpost.com
71,2020-08-19,David Rosenberg: How the economy could cash in on a ’Buy Canadian’ craze,National_Post,https://financialpost.com
72,2020-08-19,"Philip Cross: With Morneau gone, it's now up to Tiff Macklem",National_Post,https://financialpost.com
73,2020-08-19,Howard Levitt: Want your kids to attend school online? Here's what the law says about you returning to the office,National_Post,https://financialpost.com
74,2020-08-19,Airbnb confidentially files for IPO,National_Post,https://financialpost.com
75,2020-08-19,"Ambler, Kronick, Omran – When Can We Say the Recession Is Over?",CD_Howe,https://www.cdhowe.org/intelligence-memos/ambler-kronick-omran-%E2%80%93-when-can-we-say-recession-over
76,2020-08-19,"Why don’t markets care about huge government deficits? Plus, the curious discount in Power Corp. shares and the forestry stock rally",Globe,na
77,2020-08-19,U.S. crude oil stockpiles fall even as imports jump,Globe,na
78,2020-08-19,"Iraq expects to sign deal with Chevron on Wednesday, minister says",Globe,na
79,2020-08-19,OPEC+ presses for compliance with oil cuts,Globe,na
80,2020-08-19,BlackBerry partners with Texas startup to build 5G smartphone,Globe,na
81,2020-08-19,Maple Leaf Foods halts pork exports to China amid COVID-19 outbreak at Manitoba plant,Globe,na
82,2020-08-19,"City-centre businesses recovering more slowly than those in rural areas, CFIB says",Globe,na
83,2020-08-19,"Mali gold miners keep digging, but military coup hits share prices",Globe,na
84,2020-08-19,Scotiabank to pay over $60 million to settle U.S. charges related to commodity price manipulation,National_Post,https://financialpost.com
85,2020-08-19,Apple becomes first U.S. company to hit $2-trillion market value,National_Post,https://financialpost.com
86,2020-08-19,CPPIB tracks four ways the pandemic is changing us to hone its investing strategy,National_Post,https://financialpost.com
87,2020-08-19,Maple Leaf Foods suspends pork exports to China amid COVID-19 outbreak at Manitoba plant,National_Post,https://financialpost.com
88,2020-08-19,"Local tech sector hosts hiring fair, more than 300 jobs available",Calgary_Herald,na
89,2020-08-19,Alberta non-profit launches coaching program to support small businesses recovering from COVID-19 pandemic,Calgary_Herald,na
90,2020-08-19,DavidsTea reopening two Calgary stores,Calgary_Herald,na
91,2020-08-19,"With Morneau out and Freeland in, upheaval in Finance creates renewed uncertainty for business leaders",Globe,na
92,2020-08-19,Freeland just inherited the hardest job in Canada. How long can she keep it?,Globe,na
93,2020-08-19,Onex brings in president as it eyes future growth,Globe,na
94,2020-08-19,U.S. short seller targets GFL Environmental,Globe,na
95,2020-08-19,Cirque du Soleil creditors win control of company after higher bids fail to materialize,Globe,na
96,2020-08-19,Scotiabank’s investment strategy for domestic bank stocks,Globe,na
97,2020-08-19,OPEC+ meeting to review compliance with oil production cuts,Globe,na
98,2020-08-19,Oil slips as demand worries outweigh U.S. stocks draw,Globe,na
99,2020-08-19,Waterous CEO ‘surprised’ by Paramount’s call for cash payout in oil and gas merger,Globe,na
100,2020-08-19,Canadian dollar posts 7-month high as Wall Street rally bolsters sentiment,Globe,na
101,2020-08-19,Canada’s annual inflation rate falls to 0.1% in July,Globe,na
102,2020-08-19,Tech-fuelled ‘everything’s awesome’ rally looks unstoppable,Globe,na
103,2020-08-19,Lufthansa reaches deal with pilots’ union on cost-cutting measures,Globe,na
104,2020-08-19,Mali coup hits gold miners’ share prices,Globe,na
105,2020-08-19,Marriott facing class-action suit over customer data breach,Globe,na
106,2020-08-19,"Hugo Boss staff to only work in office three days a week, even after coronavirus",Globe,na
107,2020-08-19,Johnson & Johnson buying Momenta Pharmaceuticals for around $6.5-billion,Globe,na
108,2020-08-19,Target posts record sales growth as faster delivery boosts e-commerce,Globe,na
109,2020-08-19,Lowe’s blows past sales estimates as home-improvement spending surges,Globe,na
110,2020-08-19,"GM bets on Cadillac, EVs and micro-vans to reverse China slide",Globe,na
111,2020-08-19,"S&P 500 hits record close, confirms bull market",Globe,na
112,2020-08-19,"Japan’s data-security concerns with TikTok could be addressed by change in ownership, lawmaker says",Globe,na
113,2020-08-19,Ontario Centres of Excellence to take over beleaguered OneEleven startup hub brand,Globe,na
114,2020-08-19,Should this UX designer disclose his learning disability in his resume?,Globe,na
115,2020-08-19,Chrystia Freeland once called for a ‘new New Deal.’ Is she going to make it a reality?,National_Post,https://financialpost.com/business/chrystia-freeland-once-called-for-a-new-new-deal-now-she-can-make-it-happen/wcm/5b715ea4-6c9f-4c1e-890c-fb14a2712730/
116,2020-08-19,"Freeland seen as 'black box,' but Bay Street didn't get what it hoped from Morneau, either",National_Post,https://financialpost.com
117,2020-08-19,Jack M. Mintz: Warning! Liberal spending blitz ahead,National_Post,https://financialpost.com
118,2020-08-19,"Posthaste: Canadians, once world leaders in household debt, are putting away their credit cards",National_Post,https://financialpost.com
119,2020-08-19,Onex lines up possible successor to Gerry Schwartz with promotion,National_Post,https://financialpost.com
120,2020-08-19,Ross McKitrick: Ditch the fashionable green recovery plans,National_Post,https://financialpost.com
121,2020-08-19,Bay Street has gone missing on Parliament Hill with Morneau exit,National_Post,https://financialpost.com
122,2020-08-19,"Inside Access: The ABCs of Fiscal Accountability - Grading Canada's Senior Governments, 2020",CD_Howe,https://www.cdhowe.org/essential-public-policy-events/inside-access-abcs-fiscal-accountability-grading-canadas-senior-governments-2020
123,2020-08-19,"Robson, Omran – Fiscal Accountability: Our Annual Report Card",CD_Howe,https://www.cdhowe.org/intelligence-memos/robson-omran-%E2%80%93-fiscal-accountability-our-annual-report-card
124,2020-08-18,"Varcoe: Federal help finally set to arrive, but is it too late for the oilpatch?",Calgary_Herald,na
125,2020-08-18,COVID helps Canadian logistics robot firm Attabotics raise $50 million,Calgary_Herald,na
126,2020-08-18,Posthaste: Four really weird things about Canada’s roaring housing market,Calgary_Herald,na
127,2020-08-18,Trudeau prorogues Parliament until Sept. 23 after appointing Freeland Finance Minister,Globe,na
128,2020-08-18,How COVID-19 is changing back-to-school shopping and budgets,Globe,na
129,2020-08-18,The worst replacement for bad meetings is bad remote meetings,Globe,na
130,2020-08-18,Australia’s pricing plan for universities aims to funnel students into select programs. But it might not be enough,Globe,na
131,2020-08-18,‘How safe is investing with Wealthsimple?’,Globe,na
132,2020-08-18,Tuesday’s TSX breakouts: This stock in correction mode presents a potential buying opportunity ,Globe,na
133,2020-08-18,Smart lockers in demand as touchless package delivery becomes the office norm,Globe,na
134,2020-08-18,Why the end of CERB could hit consumer spending – and complicate the recovery ,Globe,na
135,2020-08-18,Canadian gold miners eye London and New York listings as Toronto loses shine,Globe,na
136,2020-08-18,"Nigeria’s long-awaited oil reform bill to go to president, sources say",Globe,na
137,2020-08-18,Ivanhoe signs Africa partnership with China’s CNMC,Globe,na
138,2020-08-18,Canadian dollar posts seven-month high as investors weigh replacement of Finance Minister,Globe,na
139,2020-08-18,U.S. housing starts surge in July,Globe,na
140,2020-08-18,"Calgary’s Attabotics gets $50-million from Teachers, Honeywell to expand its ant-inspired warehouse technology",Globe,na
141,2020-08-18,From education tech to personalized protective equipment: InkSmith’s pandemic pivot ,Globe,na
142,2020-08-18,"Oracle enters race to buy TikTok’s U.S. operations, report says",Globe,na
143,2020-08-18,Sandy Hook victims’ families accuse Remington Arms of trying to wipe out lawsuit,Globe,na
144,2020-08-18,Ontario Centres of Excellence to take over embattled OneEleven startup hub brand,Globe,na
145,2020-08-18,U.S. states reportedly seeking $26.4-billion from drug firms in opioid litigation,Globe,na
146,2020-08-18,California hopes to avoid power outages during heat wave as prices hit record,Globe,na
147,2020-08-18,"With Bill Morneau’s exit, the Liberals lose their voice of moderation",Globe,na
148,2020-08-18,Horizon North Logistics co-CEO Rod Graham stepping down,Globe,na
149,2020-08-18,Chairman of China’s Sinopharm rules out high price for potential coronavirus vaccine,Globe,na
150,2020-08-18,"COVID-19 coin shortage hits U.S. retailers, laundromats, and even the tooth fairy",Globe,na
151,2020-08-18,Walmart's online sales nearly double,Globe,na
152,2020-08-18,Nokia wins second round of legal fight against Daimler on patent fees,Globe,na
153,2020-08-18,Walmart beats estimates as online sales nearly double,Globe,na
154,2020-08-18,Russia’s energy minister to take part in OPEC+ video meeting despite positive COVID-19 test,Globe,na
155,2020-08-18,Why our concept of retirement is outdated - and how artificial intelligence can help,Globe,na
156,2020-08-18,What makes Canada’s most recognizable politician next to Justin Trudeau tick?,National_Post,https://financialpost.com/news/economy/chrystia-freeland-the-woman-who-poked-the-elephant-but-squeaked-out-a-deal/wcm/9727df99-a6f8-4f89-b992-06e614652c7f/
157,2020-08-18,"'Fully booked, every day': The golf business was struggling — until the pandemic hit",National_Post,https://financialpost.com/news/retail-marketing/fully-booked-every-day-the-golf-business-was-struggling-until-the-pandemic-hit/wcm/39852ab1-5d45-4105-affe-6ff93381c4cb/
158,2020-08-18,Bill Morneau leaves federal politics as suddenly as he arrived,National_Post,https://financialpost.com/news/economy/bill-morneau-leaves-cabinet-federal-politics-as-suddenly-as-he-arrived-2/wcm/5b8813cb-af6a-46c5-8bdc-147ee3619e67/
159,2020-08-18,Bill Morneau's resignation highlights why Canada is in trouble,National_Post,https://financialpost.com/news/economy/bill-morneaus-resignation-highlights-why-canada-is-in-trouble/wcm/2452a208-bd25-4721-b98d-91923803ee7e/
160,2020-08-18,Chrystia Freeland confirmed as new finance minister,National_Post,https://financialpost.com
161,2020-08-18,Shares of GFL Environmental tumble more than 10% after short-seller report,National_Post,https://financialpost.com
162,2020-08-18,"If Warren Buffett is putting on a tin hat, should we be doing the same?",National_Post,https://financialpost.com
163,2020-08-18,Sun Life nears deal to buy Crescent Capital,National_Post,https://financialpost.com
164,2020-08-18,Real estate fintech offers guaranteed price floor that lets home shoppers buy first and sell later,National_Post,https://financialpost.com
165,2020-08-18,"With demand declining, oil refineries around the world are shutting down — some permanently",National_Post,https://financialpost.com
166,2020-08-18,Walmart warns people are starting to spend less as government aid dries up,National_Post,https://financialpost.com
167,2020-08-18,"Ambler, Kronick, Omran – When Can We Say the Recession is Over?",CD_Howe,https://www.cdhowe.org/intelligence-memos/ambler-kronick-omran-%E2%80%93-when-can-we-say-recession-over
168,2020-08-17,Varcoe: UCP stuck in middle of tax clash between oilpatch and rural municipalities,Edmonton_Journal,na
169,2020-08-17,Former Alberta premier Redford to advise Guyana on oil and gas development,Calgary_Herald,na
170,2020-08-17,"Posthaste: The stars have aligned for gold investors, but beware the tarnish, says BMO’s Brian Belski",Calgary_Herald,na
171,2020-08-17,Berkshire makes a bet on the gold market that Warren Buffett once mocked,Calgary_Herald,na
172,2020-08-17,Ex-McDonald's CEO fires back at chain's efforts to strip pay over employee relationships,Calgary_Herald,na
173,2020-08-17,"Value investing on the rebound. Plus, a surging cannabis stock the Street loves and how to safely invest $30,000 and still make decent returns",Globe,na
174,2020-08-17,A well-educated work force is key to the recovery,Globe,na
175,2020-08-17,Big oil patch names join legal battle over Sequoia Resources bankruptcy,Globe,na
176,2020-08-17,The summer of the reno leads to lumber shortage in Canada,Globe,na
177,2020-08-17,Ventilator supply starts to increase as Dr. Theresa Tam warns of possible surge of COVID-19,Globe,na
178,2020-08-17,Suncor shares slip after fire interrupts Fort McMurray oilsands mining output,Globe,na
179,2020-08-17,"Pandemic-resistant ETFs, rallying dividend stocks and what’s ahead for gold: What you need to know in investing this week",Globe,na
180,2020-08-17,A wealth tax won’t work to fix the coming debt crisis: we need a consumption tax like the GST,Globe,na
181,2020-08-17,Are we actually all in this together?,Globe,na
182,2020-08-17,A Biden presidency? Why Canada needs its own economic recovery plan to ‘build back better',Globe,na
183,2020-08-17,In defence of those additional ‘COVID fees’ that are hiking costs at a precarious time,Globe,na
184,2020-08-17,Power Corp.’s biggest appeal: Shares are trading at a deep discount,Globe,na
185,2020-08-17,Federal cabinet says wholesale broadband rates could stifle investment but declines to overturn ruling,Globe,na
186,2020-08-17,Why the end of CERB could jolt consumer spending – and complicate the recovery ,Globe,na
187,2020-08-17,TMX Group taps company veteran John McKenzie as new CEO,Globe,na
188,2020-08-17,TMX Group names John McKenzie as new CEO,Globe,na
189,2020-08-17,Paramount demands cash for its stake in Strath Resources after merger announced,Globe,na
190,2020-08-17,Calfrac Well Services rejects recapitalization offer from Wilks Brothers,Globe,na
191,2020-08-17,Trump administration finalizes plan to open Arctic refuge to oil drilling,Globe,na
192,2020-08-17,"U.S. home-builder confidence matches record high, while delinquencies rise",Globe,na
193,2020-08-17,Canadian dollar nears seven-month high as home sales surge,Globe,na
194,2020-08-17,"Canadian home sales, prices hit record high in July as low mortgage rates drive buyers into market",Globe,na
195,2020-08-17,Epic Games asks judge to block Apple’s removal of Fortnite from app store,Globe,na
196,2020-08-17,Apple expands independent repair shop program to Mac computers,Globe,na
197,2020-08-17,Netflix boosts its Southeast Asia presence as Disney+ prepares to launch in Indonesia,Globe,na
198,2020-08-17,Streetwise newsletter: Caisse CEO takes heat over its investment in the Cirque:,Globe,na
199,2020-08-17,Caisse CEO takes heat for doubling its investment in Cirque prior to COVID-19 pandemic ,Globe,na
200,2020-08-17,"Giant, the world’s largest bike maker, battles to keep pace with a global bicycle boom",Globe,na
201,2020-08-17,Former McDonald’s CEO Stephen Easterbrook asks court to dismiss case against him,Globe,na
202,2020-08-17,"Quebec, Ontario ask Ottawa to intervene in Montreal port strike, now in week two",Globe,na
203,2020-08-17,Two of Peter Nygard’s sons file lawsuit alleging they were raped at father’s direction ,Globe,na
204,2020-08-17,CRA expects online services to be fully restored by Wednesday after cyberbreaches,Globe,na
205,2020-08-17,Court throws out Tiffany judgment against Costco over ring descriptions ,Globe,na
206,2020-08-17,Novavax trials COVID-19 vaccine in South Africa,Globe,na
207,2020-08-17,Apple and Google boot Fortnite from app stores,Globe,na
208,2020-08-17,Entertainment veterans team up to build massive e-sports platform,Globe,na
209,2020-08-17,CMHC plea over high-risk mortgages angers lenders ,Globe,na
210,2020-08-17,The many perils of looking for employment advice online,Globe,na
211,2020-08-17,"U.S. to tighten restrictions on Huawei access to technology, chips",Globe,na
212,2020-08-17,"OPEC+ panel focuses on compliance with oil cuts, calls for ‘vigilance’",Globe,na
213,2020-08-17,Novavax begins mid-stage study of potential COVID-19 vaccine in South Africa,Globe,na
214,2020-08-17,Can an employer of a non-essential office workspace make their staff get the COVID-19 test?,Globe,na
215,2020-08-17,Being more reflective starts with lowering your standards to ‘good enough’,Globe,na
216,2020-08-17,Video game designer Jared Moldenhauer: ‘That’s when we went to the banks and started liquidating whatever we had',Globe,na
217,2020-08-17,"You may not want to, but it's time to talk about your death",National_Post,https://financialpost.com/investing/investing-pro/you-may-not-want-to-but-its-time-to-talk-about-your-death/wcm/e3e9528d-ccc5-48dc-9526-987ec23aae9e/
218,2020-08-17,'The system is broken': Pandemic exacerbates landlord-tenant power struggle with both sides crying foul,National_Post,https://financialpost.com/real-estate/property-post/the-system-is-broken-pandemic-exacerbates-landlord-tenant-power-struggle-with-both-sides-crying-foul/wcm/1ed8e59a-a1f8-4504-99ea-0bcc0d008e71/
219,2020-08-17,Why this taxpayer had to pay taxes on what he thought was the sale of his principal residence,National_Post,https://financialpost.com/personal-finance/taxes/why-this-taxpayer-had-to-pay-taxes-on-what-he-thought-was-the-sale-of-his-principal-residence/wcm/64a60288-42f4-4c56-82fc-956bd1f467a5/
220,2020-08-17,"Quietly waiting in the background of the pandemic, AI is about to become a big part of our lives",National_Post,https://financialpost.com/technology/quietly-waiting-in-the-background-of-the-pandemic-ai-is-about-to-become-a-big-part-of-our-lives/wcm/7d9e3d34-e890-4725-a4a8-6ac9b5920dc4/
221,2020-08-17,'Stars have aligned for gold': Warren Buffett's Berkshire takes $500-million stake in Barrick,National_Post,https://financialpost.com/commodities/mining/stars-have-aligned-for-gold-warren-buffetts-berkshire-takes-500-million-stake-in-barrick/wcm/d080c758-14e0-4e67-b1e3-317782be4c1c/
222,2020-08-17,More homes were sold in Canada in July than in any month in history,National_Post,https://financialpost.com
223,2020-08-17,"Immigration to Canada plummets 64%, threatening economic growth",National_Post,https://financialpost.com
224,2020-08-17,Diane Francis: New Tory leader will be the beginning of the end for Justin Trudeau,National_Post,https://financialpost.com
225,2020-08-17,"Millions of beetles the size of a grain of rice are wiping out forests all across the world, destroying lumber supplies",National_Post,https://financialpost.com
226,2020-08-17,Justin Trudeau's rift with finance minister Bill Morneau weighs on ambitious recovery plan,National_Post,https://financialpost.com
227,2020-08-17,Prince Harry faces big tax bill from Uncle Sam if he stays in California,National_Post,https://financialpost.com
228,2020-08-17,Canada Revenue Agency suspends online services after cyberattacks hacked thousands of accounts,National_Post,https://financialpost.com
229,2020-08-17,Donald Trump authorizes plan to sell oil drilling rights in Alaska’s wildlife refuge,National_Post,https://financialpost.com
230,2020-08-17,Le Conference Board lance une série balado sur l’avenir du travail    ​,CboC,https://www.conferenceboard.ca/press/newsrelease/2020/08/17/le-conference-board-lance-une-s%C3%A9rie-balado-sur-l-avenir-du-travail
231,2020-08-17,Conference Board Launches Podcast Series On The Future Of Work  ,CboC,https://www.conferenceboard.ca/press/newsrelease/2020/08/17/conference-board-launches-podcast-series-on-the-future-of-work
232,2020-08-17,"Van Dijk, Hodgson – Addressing Canada’s COVID-19-induced Public Debt Ailment",CD_Howe,https://www.cdhowe.org/intelligence-memos/van-dijk-hodgson-%E2%80%93-addressing-canada%E2%80%99s-covid-19-induced-public-debt-ailment
233,2020-08-17,James Feehan – Andrew Furey Takes on a Fiscal Nightmare,CD_Howe,https://www.cdhowe.org/intelligence-memos/james-feehan-%E2%80%93-andrew-furey-takes-fiscal-nightmare
234,2020-08-08,The Globe’s stars and dogs for the week ,Globe,na
235,2020-08-08,From the archives: The spectacular rise and tragic fall of George Gosbee,Globe,na
236,2020-08-08,Caisse de dépôt sees more economic pain ahead as it reports first investment loss in more than decade,Globe,na
237,2020-08-08,It’s time to crack down on cryptocurrency scams ,Globe,na
238,2020-08-08,Lucinda wonders how to organize investments after the coronavirus accelerated her decision to sell her house ,Globe,na
239,2020-08-08,"Five tips for GIC investors during a period of tiny interest rates. Plus, other ways to navigate through a rocky economy",Globe,na
240,2020-08-08,Sun Life eases investor concerns as earnings exceed expectations,Globe,na
241,2020-08-08,Clinging to how your workplace used to be won’t help you now or in the future,Globe,na
242,2020-08-08,Streetwise newsletter: Best reads of the week,Globe,na
243,2020-08-08,"Canaccord exploring options for U.K. wealth management unit, including possible sale",Globe,na
244,2020-08-08,Why the yields on bond ETFs aren’t as high as they seem,Globe,na
245,2020-08-08,"Resources rising: Metals, energy power TSX rebound from lows ",Globe,na
246,2020-08-08,Pitching in: Launching the Terry Fox run in Britain,Globe,na
247,2020-08-08,Greenback blues: Are the doomsayers finally right about the demise of the U.S. dollar?,National_Post,https://financialpost.com/investing/greenback-blues-are-the-doomsayers-finally-right-about-the-demise-of-the-u-s-dollar/wcm/2eb76d63-61d0-461a-a646-f472ff956832/
248,2020-08-08,Paradise closed: It's a lost summer for Americans with deep roots in this Ontario cottage country,National_Post,https://financialpost.com/news/reopening-canada/paradise-closed-its-a-lost-summer-for-americans-with-deep-roots-in-this-ontario-cottage-country/wcm/0f5bea34-942d-4457-80af-de5fcfed3589/
249,2020-08-08,"Coronavirus punishes Warren Buffett, as Berkshire Hathaway takes almost $10 billion writedown",National_Post,https://financialpost.com
250,2020-08-08,New race-based data shows visible minorities in Canada disproportionately impacted by COVID recession,National_Post,https://financialpost.com
251,2020-08-13,COVID-19: Soccer association aims to ease Edmonton parents’ worries ahead of registration,Edmonton_Journal,na
252,2020-08-13,"Edmonton housing sales up in July, market appearing to rebound, says monthly report",Edmonton_Journal,na
253,2020-08-13,Feds invest $2.6-million to help Alberta farmers turn their plants into protein,Edmonton_Journal,na
254,2020-08-13,"Varcoe: 'There's just no access to capital,' Painted Pony CEO says as company accepts takeover bid",Calgary_Herald,na
255,2020-08-13,Posthaste: Soaring government debt isn’t as bad as the ‘90s fiscal crisis — but it’s getting there,Calgary_Herald,na
256,2020-08-13,Canada's airports likely to hike passenger fees as need for upgrades rise in the wake of pandemic,Calgary_Herald,na
257,2020-08-13,Calgary rental company's betting big on Alberta,Calgary_Herald,na
258,2020-08-13,Basecamp Resorts builds on confidence in Canmore,Calgary_Herald,na
259,2020-08-13,"Richardson GMP, Cormark Securities announce ‘strategic alliance’",Globe,na
260,2020-08-13,Why are there still so few Black lawyers on Bay Street?,Globe,na
261,2020-08-13,"CAE reports loss, plans restructuring, as pandemic clobbers aviation industry",Globe,na
262,2020-08-13,Holocaust survivor Marcel Adams made a fortune from shopping malls ,Globe,na
263,2020-08-13,"In a first, Airbnb takes action against guest for unauthorized party",Globe,na
264,2020-08-13,Canada housing agency urges lenders to avoid risky borrowers,Globe,na
265,2020-08-13,Saskatchewan asks Ottawa to give power to entrepreneurs for rent relief,Globe,na
266,2020-08-13,Canada has a new chance to take charge in the future of globalism,Globe,na
267,2020-08-13,Trump’s aluminum tariffs have Glencore’s prints all over them,Globe,na
268,2020-08-13,Rob Carrick: Is now a good time for a 27-year-old to start investing?,Globe,na
269,2020-08-13,Thursday’s analyst upgrades and downgrades,Globe,na
270,2020-08-13,Bay Street law firms bulk up on restructuring partners as more COVID-19 insolvencies expected,Globe,na
271,2020-08-13,"George Gosbee moved money from company to personal accounts, trustee alleges ",Globe,na
272,2020-08-13,Investment dealer GMP Capital reworks wealth management takeover to reflect pandemic impact,Globe,na
273,2020-08-13,"Task force proves ex-OSC head right about diversity. Now, Doug Ford must toughen the rules",Globe,na
274,2020-08-13,Why do Canadian investors have substandard access to justice after adviser misconduct?,Globe,na
275,2020-08-13,IEA lowers 2020 oil demand forecast due to sharp drop in air travel,Globe,na
276,2020-08-13,Russian energy minister doesn’t expect hasty OPEC+ decision on supply cuts this month: reports,Globe,na
277,2020-08-13,Oil slips after IEA lowers demand forecast,Globe,na
278,2020-08-13,U.S. weekly unemployment claims fall below 1 million,Globe,na
279,2020-08-13,Canadian dollar rises to six-month high amid signs of global recovery,Globe,na
280,2020-08-13,"U.S. weekly unemployment claims fall below 1 million, but labour market recovery faltering",Globe,na
281,2020-08-13,Apple reportedly planning bundled subscriptions for digital services,Globe,na
282,2020-08-13,CRTC providing $72-million to improve internet in 51 northern communities,Globe,na
283,2020-08-13,Twitter users can now control who replies to their tweet,Globe,na
284,2020-08-13,"Federal wage subsidy program might cost $14-billion less than predicted, budget watchdog says ",Globe,na
285,2020-08-13,Chinese firms flood into U.S. IPOs despite delisting threat,Globe,na
286,2020-08-13,Chorus Aviation profit falls as Air Canada Express traffic plunges 97%,Globe,na
287,2020-08-13,AMC to offer 15-cent movie tickets on first day of U.S. reopening,Globe,na
288,2020-08-13,Airlines cut European traffic outlook as coronavirus pandemic drags on,Globe,na
289,2020-08-13,Brookfield Asset Management posts loss as it revalues real-estate portfolio,Globe,na
290,2020-08-13,Coach owner Tapestry expects falling store traffic to continue to weigh on sales,Globe,na
291,2020-08-13,Corporate America worried Trump’s WeChat ban could be bad for business: report,Globe,na
292,2020-08-13,Media mogul Sumner Redstone dead at 97,Globe,na
293,2020-08-13,Robots at work: Shelf-stacking 'kangaroo-bot',Globe,na
294,2020-08-13,The wage subsidy: A windfall for Canadian corporations ,Globe,na
295,2020-08-13,Ottawa loosens EI requirements as part of CERB transition,Globe,na
296,2020-08-13,The post-lockdown consumer: How the global crisis has changed Canadians’ spending patterns,Globe,na
297,2020-08-13,‘Fraud in the billions’: German police ask for public’s help finding former Wirecard executive Jan Marsalek,Globe,na
298,2020-08-13,DoorDash faces injunction to reclassify California workers as employees,Globe,na
299,2020-08-13,U.S. leaves tariffs on Airbus aircraft unchanged at 15%,Globe,na
300,2020-08-13,How to handle the heavy toll of interruptions on our productivity ,Globe,na
301,2020-08-13,"With a broad work history, how might this customer service rep land her next role?",Globe,na
302,2020-08-13,Why we should stop asking kids what they want to be when they grow up,Globe,na
303,2020-08-13,The market has given investors a gift. Now it's up to you not to waste it,National_Post,https://financialpost.com/investing/investing-pro/the-market-has-given-investors-a-gift-now-its-up-to-you-not-to-waste-it/wcm/fb78be24-8646-4f63-afb1-664ebf9de8d4/
304,2020-08-13,"For this shopaholic millennial lawyer, lockdown on CERB was a financial wake-up call",National_Post,https://financialpost.com/personal-finance/young-money/shopaholic-millennial-lawyer-cerb-lockdown-financial-wakeup-call/wcm/4cba6103-39bc-444a-9f22-d6543603cb7e/
305,2020-08-13,Air Canada unveils new loyalty program that allows families to share benefits,National_Post,https://financialpost.com/transportation/airlines/air-canada-unveils-new-loyalty-program-that-allows-families-to-share-benefits/wcm/59c37b5c-ef1d-4578-95e7-2a25e8cfa877/
306,2020-08-13,Where Canada stands in the global race for a COVID-19 vaccine,National_Post,https://financialpost.com/news/economy/where-canada-stands-in-the-global-race-for-a-covid-19-vaccine/wcm/bb7d146b-9a66-4d3e-977b-a207c52ee320/
307,2020-08-13,"The spectre of Carney now looms over Morneau, but that should be a good thing",National_Post,https://financialpost.com/news/economy/the-spectre-of-carney-now-looms-over-morneau-but-that-should-be-a-good-thing/wcm/d3542652-8c6c-4d47-a74e-374fcfda3c74/
308,2020-08-13,Bank of Canada extends oversight to Interac's e-Transfer service,National_Post,https://financialpost.com
309,2020-08-13,Pent-up demand drove housing sales in July and there may be more to come,National_Post,https://financialpost.com
310,2020-08-13,Posthaste: Canada's soaring debt isn’t as bad as the ‘90s fiscal crisis yet — but it’s getting there,National_Post,https://financialpost.com
311,2020-08-13,Canada defends role for oilsands projects in 'messy' energy transition,National_Post,https://financialpost.com
312,2020-08-13,"Oilpatch wary of VP pick Kamala Harris, Green New Deal backer",National_Post,https://financialpost.com
313,2020-08-13,CMHC says its share of mortgage market has shrunk to dangerous levels because of tougher rules,National_Post,https://financialpost.com
314,2020-08-13,How much is 'unconscionable'? Why a 2009 decision is suddenly relevant again in high-stakes Ontario separation cases,National_Post,https://financialpost.com
315,2020-08-13,"Howard Levitt: When there's a conflict, senior executives must declare it. Ex-McDonald's CEO Easterbrook did not",National_Post,https://financialpost.com
316,2020-08-13,What role does the housing market play in sustaining Canada's financial stability?,CD_Howe,https://www.cdhowe.org/essential-public-policy-events/what-role-does-housing-market-play-sustaining-canadas-financial-stability
317,2020-08-13,What can we expect for housing demand as economies re-open across the country?,CD_Howe,https://www.cdhowe.org/essential-public-policy-events/what-can-we-expect-housing-demand-economies-re-open-across-country
318,2020-08-13,S2 E13  – Breaking Down Internal Trade Barriers,CD_Howe,https://www.cdhowe.org/s2-e13-%E2%80%93-breaking-down-internal-trade-barriers
319,2020-08-13,Peace in the trade valley? Not likely - Financial Post Op-Ed,CD_Howe,https://www.cdhowe.org/expert-op-eds/peace-trade-valley-not-likely-financial-post-op-ed
320,2020-08-13,Jon Johnson – Section 232 Aluminum Tariffs: Classic Bait and Switch,CD_Howe,https://www.cdhowe.org/intelligence-memos/jon-johnson-%E2%80%93-section-232-aluminum-tariffs-classic-bait-and-switch
321,2020-08-13,"The ABCs of Fiscal Accountability: Grading Canada’s Senior Governments, 2020",CD_Howe,https://www.cdhowe.org/public-policy-research/abcs-fiscal-accountability-grading-canada%E2%80%99s-senior-governments-2020
322,2020-08-13,"If this recovery sustains, this recession could be shortest on record — or one of the longest - Financial Post Op-Ed",CD_Howe,https://www.cdhowe.org/expert-op-eds/if-recovery-sustains-recession-could-be-shortest-record-%E2%80%94-or-one-longest-financial-post-op-ed
323,2020-08-13,"Schirle, Skuterud – Job Search, New Jobs, and What it Means for Future Policy",CD_Howe,https://www.cdhowe.org/intelligence-memos/schirle-skuterud-%E2%80%93-job-search-new-jobs-and-what-it-means-future-policy
324,2020-08-13,Stephen Williamson – Three Questions about Bank of Canada Balance Sheet Expansion,CD_Howe,https://www.cdhowe.org/intelligence-memos/stephen-williamson-%E2%80%93-three-questions-about-bank-canada-balance-sheet-expansion
325,2020-08-13,A wealth tax won’t work to fix the coming debt crisis: we need a consumption tax like the GST - Globe and Mail Op-Ed,CD_Howe,https://www.cdhowe.org/expert-op-eds/wealth-tax-won%E2%80%99t-work-fix-coming-debt-crisis-we-need-consumption-tax-gst-globe-and-mail-op-ed
326,2020-08-13,"Richards, Mahboubi – Canada Has Three Other Education Problems in Addition to Teaching During the Pandemic",CD_Howe,https://www.cdhowe.org/intelligence-memos/richards-mahboubi-%E2%80%93-canada-has-three-other-education-problems-addition-teaching
327,8/7/2020,Alberta government postpones announcement on changes to Temporary Foreign Worker Program,Edmonton_Journal,na
328,8/7/2020,"Varcoe: Canadian Natural brings back shut-in oil, but has no plans to amp up spending",Calgary_Herald,na
329,8/7/2020,COVID-19 pandemic caused 'significant' spike in Alberta business closures: Statistics Canada,Calgary_Herald,na
330,8/7/2020,Trump slaps tariffs on Canadian raw aluminum,Calgary_Herald,na
331,8/7/2020,Market movers: Stocks that saw action on Friday - and why,Globe,na
332,8/7/2020,"Canadian economy adds 419,000 jobs in July; more than half of pandemic losses now recouped",Globe,na
333,8/7/2020,Second-wave shutdown a mistake: renowned Harvard economist,Globe,na
334,8/7/2020,"Brookfield Property Partners takes a US$1.5-billion loss owing to mall, hotel closings",Globe,na
335,8/7/2020,Canada to retaliate with $3.6-billion in measures against U.S. over aluminum tariffs,Globe,na
336,8/7/2020,"U.S. tariffs on Canadian aluminum will raise costs for U.S. firms, U.S. Chamber of Commerce says",Globe,na
337,8/7/2020,"Trump unveils bans on owners of WeChat and TikTok, stoking tension with Beijing",Globe,na
338,8/7/2020,Ottawa plans to retaliate after Trump imposes tariffs on aluminum,Globe,na
339,8/7/2020,"Meeting emission reduction targets crucial to earn support of banks and investors, CNRL president says ",Globe,na
340,8/7/2020,"Indigo reports declining revenue, wider first quarter losses",Globe,na
341,8/7/2020,"Bombardier loss hurt by train division, slowdown in business jets",Globe,na
342,8/7/2020,Young professionals want a new energy future for Canada,Globe,na
343,8/7/2020,A reality check for people looking to cure their pandemic blues by buying a cottage,Globe,na
344,8/7/2020,Farmers and food groups call on government to regulate grocer fees,Globe,na
345,8/7/2020,Home Capital sees sharp drop in mortgage deferrals as economy reopens ,Globe,na
346,8/7/2020,Sun Life net income falls as COVID-19 weighs down second-quarter earnings,Globe,na
347,8/7/2020,Goldman Sachs lowers quarterly earnings citing legal provisions,Globe,na
348,8/7/2020,Manulife records U.S. profits on falling long-term care costs during COVID-19 pandemic,Globe,na
349,8/7/2020,"American oil executives, held two years, go to trial in Venezuela",Globe,na
350,8/7/2020,Enerplus restarting North Dakota production despite threat to pipeline,Globe,na
351,8/7/2020,Canada Energy Regulator names Indigenous advisory committee,Globe,na
352,8/7/2020,Canada’s Ivey PMI rises to two-year high as purchasing activity accelerates,Globe,na
353,8/7/2020,Canadian dollar falls as trade spat with U.S. raises ‘downside risk’ for currency,Globe,na
354,8/7/2020,"Slowing U.S. job growth, rising COVID-19 raise doubts on the recovery’s strength",Globe,na
355,8/7/2020,"Lightspeed’s revenue, customer base grow, but loss doubles in second quarter",Globe,na
356,8/7/2020,"Delta wants at least 3,000 flight attendants to take unpaid leave",Globe,na
357,8/7/2020,Economic meltdown threatens Europe’s war on plastic,Globe,na
358,8/7/2020,Domtar launches strategic review of personal care business after nine years,Globe,na
359,8/7/2020,"Caisse de dépôt posts 2.3 per cent loss, hit by real estate and shopping mall portfolio",Globe,na
360,8/7/2020,Thousands of British Airways staff to lose jobs as airline pushes ahead with cuts,Globe,na
361,8/7/2020,"Second Cup to shutter more cafes, sell coffee in grocery stores as work-from-home trend hits sales",Globe,na
362,8/7/2020,Interfor earns $3.2-million in second quarter on lower revenues,Globe,na
363,8/7/2020,Pfizer signs deal to manufacture Gilead’s remdesivir for COVID-19,Globe,na
364,8/7/2020,Facebook launches TikTok rival inside Instagram,Globe,na
365,8/7/2020,U.K. says it’s confident of Brexit trade deal as EU changing tone,Globe,na
366,8/7/2020,China oil imports surge 25% in July from a year ago on buying binge,Globe,na
367,8/7/2020,Trump advisers urge delisting of U.S.-listed Chinese firms that fail to meet audit standards,Globe,na
368,8/7/2020,Canadians are increasingly seeking stances on social issues from their employers,Globe,na
369,8/7/2020,Canada to slap U.S. with $3.6 billion in tariffs in retaliation for aluminum duty,National_Post,https://financialpost.com/news/economy/newsalert-canada-to-impose-3-6-billion-in-retaliatory-tariffs-against-u-s/wcm/75c7c95d-a558-44e8-8bb1-7a345ff2fad7/
370,8/7/2020,"Canada beats expectations with gain of 419,000 jobs",National_Post,https://financialpost.com
371,8/7/2020,Saskatchewan has right model for orphan well remediation: CNRL,National_Post,https://financialpost.com
372,8/7/2020,Five good reasons why tech stocks are crushing the market this year,National_Post,https://financialpost.com
373,8/7/2020,"Woman in TFSA overcontribution fight with CRA has penalties cut from $17,000 to just $300",National_Post,https://financialpost.com
374,8/7/2020,"Couple wants to spend $10,000 a year on travel and $100,000 on weddings. Can they afford it?",National_Post,https://financialpost.com
375,8/7/2020,"Posthaste: ‘Supercharged’ Canadian housing market roars back to life, after lockdown halted 70,000 transactions",National_Post,https://financialpost.com
376,8/7/2020,Opinion: It's time to end annual tax filing,National_Post,https://financialpost.com
377,8/7/2020,Michael Smart: Defund the police? Over the last decade Toronto did,National_Post,https://financialpost.com
378,8/7/2020,"Economy continues to add jobs, but many remain lost",CboC,https://www.conferenceboard.ca/press/newsrelease/2020/08/07/economy-continues-to-add-jobs-but-many-remain-lost
379,8/7/2020,Globalization in a Post-pandemic World,CD_Howe,https://www.cdhowe.org/essential-public-policy-events/globalization-post-pandemic-world
380,8/7/2020,David Johnson – Teaching with COVID Restrictions in Elementary Schools: What Can Be Done?,CD_Howe,https://www.cdhowe.org/intelligence-memos/david-johnson-%E2%80%93-teaching-covid-restrictions-elementary-schools-what-can-be-done
381,8/6/2020,Credo's renos and Jeff Sylvester's dusky art a perfect mix on 104 Street,Edmonton_Journal,na
382,8/6/2020,Varcoe: Government cuts to monitoring undermine oilsands companies' work to reduce emissions,Calgary_Herald,na
383,8/6/2020,Canadian Natural Resources Limited Announces 2020 Second Quarter Results,Calgary_Herald,na
384,8/6/2020,Bezos sells Amazon shares worth $3.1 bln,Calgary_Herald,na
385,8/6/2020,Smed builds another winner with Falkbuilt's Digital Component Construction system,Calgary_Herald,na
386,8/6/2020,Market movers: Stocks seeing action on Thursday - and why,Globe,na
387,8/6/2020,"Why layoffs are still piling up, months after the pandemic started",Globe,na
388,8/6/2020,BCE profit plunges 64 per cent on higher expenses,Globe,na
389,8/6/2020,Canadian Tire reports loss as pandemic closures offset gains online and at flagship stores,Globe,na
390,8/6/2020,Bombardier Inc. posts surprise loss in second quarter earnings,Globe,na
391,8/6/2020,"Restaurant Brands’ profit dragged lower as pandemic shutters Tim Hortons, other outlets",Globe,na
392,8/6/2020,"‘The data is bad’: Black and racialized Canadians lacking on boards, study finds",Globe,na
393,8/6/2020,"Et tu, EQ Bank? 2 per cent savings accounts just about extinct",Globe,na
394,8/6/2020,"Bank of America predicts $3,000 gold, provides top picks in the sector",Globe,na
395,8/6/2020,"Toronto, Vancouver real estate markets surge in July, hitting record sales for the month",Globe,na
396,8/6/2020,Manulife joint venture in China faced whistle-blower complaints ,Globe,na
397,8/6/2020,Cirque second-lien debt holders object to the sales process,Globe,na
398,8/6/2020,Canada’s big banks resume advertising with Facebook after one month boycott,Globe,na
399,8/6/2020,Manulife says cost containment to be key driver of targeted 10%-12% core earnings growth,Globe,na
400,8/6/2020,"Negative rates in Bank of England toolbox, but no plans to use them, Bailey says",Globe,na
401,8/6/2020,"With the end of CERB looming, what’s next for the unemployed?",Globe,na
402,8/6/2020,Iraq says will make additional oil cuts in August,Globe,na
403,8/6/2020,Glencore scraps $2.6-billion dividend after first-half loss,Globe,na
404,8/6/2020,Oil steadies near 5-month highs as Iraq supply cuts face demand fears,Globe,na
405,8/6/2020,Canadian dollar retreats from 5-month high as investors await U.S. stimulus,Globe,na
406,8/6/2020,"U.S. weekly jobless claims fall, labour market struggling as COVID-19 epidemic spreads",Globe,na
407,8/6/2020,"Lightspeed revenue jumps as SMBs boost pandemic use, but loss doubles",Globe,na
408,8/6/2020,Cellphones handle emergency alerts inconsistently depending on model and brand: CRTC study,Globe,na
409,8/6/2020,Airbus shareholders sue aerospace giant over corruption probes,Globe,na
410,8/6/2020,"Bell, Telus customers experiencing wireless outages in eastern Ontario",Globe,na
411,8/6/2020,U.S. Senate bans TikTok on government devices,Globe,na
412,8/6/2020,Saputo boosts profits despite sagging revenues as retail milk sales rise,Globe,na
413,8/6/2020,Fed’s Robert Kaplan says small businesses need more financial help,Globe,na
414,8/6/2020,Onex swings to profit as markets rebound following first-quarter plunge,Globe,na
415,8/6/2020,Cargojet shares hit record high on work-from-home activity during COVID-19 lockdown,Globe,na
416,8/6/2020,Microsoft aiming to buy TikTok’s entire global business: report,Globe,na
417,8/6/2020,U.S. unemployment claims top 1 million for 20th week in a row,Globe,na
418,8/6/2020,Synaptive needed to decide whether to acquire a company or just license its technology,Globe,na
419,8/6/2020,"John Heinzl’s model dividend growth portfolio as of July 31, 2020",Globe,na
420,8/6/2020,Office catering startup wins new financing to adapt to changing workplace realities,Globe,na
421,8/6/2020,"Hotels, mall closures drive $1.5-billion loss for Brookfield Property",Globe,na
422,8/6/2020,"Fortnite developer Epic Games raises $1.78-billion in latest funding round; includes funds managed by BlackRock, Teachers ",Globe,na
423,8/6/2020,Jeff Bezos sells Amazon shares worth $3.1-billion,Globe,na
424,8/6/2020,You only get 168 hours each week. Here’s how to make the most of them,Globe,na
425,8/6/2020,"This millennial tech worker is meticulous about saving, but his investment gameplan needs work",National_Post,https://financialpost.com/personal-finance/family-finance/this-millennial-has-been-saving-meticulously-now-he-wants-to-take-on-more-risk/wcm/b735ff18-c2c5-44ce-be81-ac9574ec2cff/
426,8/6/2020,Matthew Lau: Safety isn’t the only classroom concern in Ontario,National_Post,https://financialpost.com/opinion/matthew-lau-safety-isnt-the-only-classroom-concern-in-ontario/wcm/61230881-40a0-497e-aa98-bd5826c3fec8/
427,8/6/2020,"Insolvency filings fall at record pace as consumers, businesses cling to government support",National_Post,https://financialpost.com/personal-finance/debt/insolvency-filings-fall-at-record-pace-as-consumers-businesses-cling-to-government-support/wcm/3c82cf67-c7a6-4007-884a-12ec2bc37d00/
428,8/6/2020,BCE profit plunges 64% on COVID-19 economic turmoil and lower TV revenue,National_Post,https://financialpost.com/telecom/bce-profit-plunges-64-on-covid-19-economic-turmoil-and-lower-tv-revenue/wcm/363bc234-719a-4475-a7f6-6316f3d34521/
429,8/6/2020,Toronto home sales soar to record in July on pent-up demand,National_Post,https://financialpost.com
430,8/6/2020,Joe Oliver: Is there enough room under the bus for all the WE scandal's victims?,National_Post,https://financialpost.com
431,8/6/2020,Posthaste: The mysterious case of the falling dollar — and what it means to the world,National_Post,https://financialpost.com
432,8/6/2020,Peter Shawn Taylor: Why airport bankruptcies could be a good thing,National_Post,https://financialpost.com
433,8/6/2020,Bombardier warns of challenging times ahead after posting second-quarter loss,National_Post,https://financialpost.com
434,8/6/2020,"Tim Hortons endures a tough quarter, but shows signs of a rebound",National_Post,https://financialpost.com
435,8/6/2020,"Home Capital profit rises, but loan-loss provisions remain high",National_Post,https://financialpost.com
436,8/6/2020,"Manulife posts steadfast Asian results, backed by continued strength from U.S. unit",National_Post,https://financialpost.com
437,8/6/2020,Miles Wu – Lessons from Abroad,CD_Howe,https://www.cdhowe.org/intelligence-memos/miles-wu-%E2%80%93-lessons-abroad
438,8/5/2020,"Quebec clubs can now host 250 people, but it's still impossible to make money",Edmonton_Journal,na
439,8/5/2020,"Varcoe: TransAlta set to flip switch on Alberta's first large-scale battery storage project, using technology from Tesla",Calgary_Herald,na
440,8/5/2020,U.S. refining capacity poised for first big drop in nearly a decade,Calgary_Herald,na
441,8/5/2020,Wednesday’s analyst upgrades and downgrades,Globe,na
442,8/5/2020,"U.S.-based investor proposes $700-million rescue plan for TMAC, urges Ottawa to reject sale to China",Globe,na
443,8/5/2020,Ex-Google engineer Anthony Levandowski sent to prison for stealing robocar secrets,Globe,na
444,8/5/2020,Pandemic boosts premium for private-equity firm’s sale of vet clinic chain to Berkshire Partners,Globe,na
445,8/5/2020,Major Calfrac shareholder launches rival restructuring deal,Globe,na
446,8/5/2020,"Small businesses serving local residents cope better in pandemic, study says",Globe,na
447,8/5/2020,"Canada is good at sharing, but not growing, the economic pie",Globe,na
448,8/5/2020,What every Canadian investor needs to know today,Globe,na
449,8/5/2020,Top stock picks in Canadian and global energy: RBC,Globe,na
450,8/5/2020,WE Charity affair shows perils of corporate virtue-signalling ,Globe,na
451,8/5/2020,Ontario Teachers’ Pension Plan buying stake in New Zealand medical laboratory testing company,Globe,na
452,8/5/2020,Great-West Lifeco to sell Canadian subsidiary for $175-million to Mackenzie,Globe,na
453,8/5/2020,Streetwise newsletter: Life insurance sales spike during pandemic among younger buyers,Globe,na
454,8/5/2020,Virus prompts spike in online sales of life insurance among young buyers,Globe,na
455,8/5/2020,Miners need more engineers to meet new tailings dam safety standard,Globe,na
456,8/5/2020,"Gold cruises to new high above $2,000 an ounce",Globe,na
457,8/5/2020,Oil prices at 5-month high on big drop in U.S. crude stocks,Globe,na
458,8/5/2020,Canadian dollar strengthens to five-month high as oil climbs,Globe,na
459,8/5/2020,Canada’s June trade deficit ballooned with auto imports surging as economy reopened,Globe,na
460,8/5/2020,U.S. trade deficit shrinks in June,Globe,na
461,8/5/2020,Facebook launches TikTok-like product inside Instagram,Globe,na
462,8/5/2020,Big Tech is a big failure at policing the public square ,Globe,na
463,8/5/2020,Fed’s Clarida says economy could reach pre-pandemic levels by end of 2021,Globe,na
464,8/5/2020,Norbord beats expectations with $18-million profit in second quarter despite lower sales,Globe,na
465,8/5/2020,Canada signs COVID-19 vaccine supply deals with Pfizer and Moderna,Globe,na
466,8/5/2020,"U.S. private payrolls growth slows sharply, trade deficit shrinks",Globe,na
467,8/5/2020,Bausch to pay $94-million plus costs to resolve Canadian securities class action,Globe,na
468,8/5/2020,Canadian pharmaceutical company urges Ottawa to fund human trials for its potential COVID-19 vaccine,Globe,na
469,8/5/2020,Moderna says discussing supply deals with countries for COVID-19 vaccine,Globe,na
470,8/5/2020,New York Times digital business overtakes print for first time,Globe,na
471,8/5/2020,Biden unveils $280-million campaign advertising blitz,Globe,na
472,8/5/2020,Insurers offer out-of-country medical coverage amid COVID-19 pandemic ,Globe,na
473,8/5/2020,"In the search for a new king of credit cards, some surprise names emerge",Globe,na
474,8/5/2020,"U.S. pursues nearly $13-billion of claims in Purdue Pharma opioid probes, sources say",Globe,na
475,8/5/2020,Questions being raised after Kodak’s stock has a big moment,Globe,na
476,8/5/2020,Euro zone business activity resumes growth in July,Globe,na
477,8/5/2020,"With live performances on hold, can this entertainment sales director make a pivot? ",Globe,na
478,8/5/2020,'The Darth Vader of Wall Street' on the trouble brewing in markets and why he is shorting Tesla,National_Post,https://financialpost.com/financial-times/the-darth-vader-of-wall-street-on-the-trouble-brewing-in-markets-and-why-he-is-shorting-tesla/wcm/e819c713-d120-4233-8f28-6bb19e0bee68/
479,8/5/2020,Opinion: Quantitative-easing our way to another lost decade,National_Post,https://financialpost.com/opinion/opinion-quantitative-easing-our-way-to-another-lost-decade/wcm/19bb4b20-47bf-402a-a4ce-cb1cbf8fe551/
480,8/5/2020,Firm that bought MintChip technology now seeking Canadian banking licence,National_Post,https://financialpost.com/news/fp-street/firm-that-bought-mintchip-technology-now-seeking-canadian-banking-licence/wcm/169615a8-75c8-43f8-b3bb-e48abc164676/
481,8/5/2020,Government is why housing in Canada is unaffordable and more taxes won’t help,National_Post,https://financialpost.com
482,8/5/2020,Jack Mintz: When are volunteers not volunteers? — when they get paid,National_Post,https://financialpost.com
483,8/5/2020,"Posthaste: Five months in, the pandemic has triggered a collective mental health crisis in Canada",National_Post,https://financialpost.com
484,8/5/2020,"Landlords, tenants at odds over contentious Bill 184 as Ontario’s eviction moratorium ends",National_Post,https://financialpost.com
485,8/5/2020,"Gold barrels past $2,000 to record high — and analysts see more room to run",National_Post,https://financialpost.com
486,8/5/2020,William Watson: The puzzling patterns of COVID-19,National_Post,https://financialpost.com
487,8/5/2020,Rival offers set up showdown over embattled and indebted Calfrac,National_Post,https://financialpost.com
488,8/5/2020,Jon Johnson – Buy American and Economic Relations with Canada,CD_Howe,https://www.cdhowe.org/intelligence-memos/jon-johnson-%E2%80%93-buy-american-and-economic-relations-canada
489,8/4/2020,Edmonton-based Stantec leading global research project to digitally transform water utility companies,Edmonton_Journal,na
490,8/4/2020,"Alberta, Ottawa sign deal that reduces oilsands environmental monitoring",Calgary_Herald,na
491,8/4/2020,Oil falls as rising virus cases overshadow demand recovery,Calgary_Herald,na
492,8/4/2020,Market movers: Stocks seeing action on Tuesday - and why,Globe,na
493,8/4/2020,CI Financial buys minority stake in U.S.-based wealth manager Congress as international expansion continues,Globe,na
494,8/4/2020,Canadian farmers plant far more durum as COVID-19 pushes global demand sky high,Globe,na
495,8/4/2020,"Ottawa offers cash, more promises of reform for migrant workers in the agriculture industry",Globe,na
496,8/4/2020,"Lack of bees, pollination limiting yields for certain crops on B.C. and U.S. farms: study",Globe,na
497,8/4/2020,"Migrant workers on farms across Canada are being told they can’t leave, raising rights concerns",Globe,na
498,8/4/2020,"Clorox won’t have enough disinfecting wipes until 2021, CEO Benno Dorer says",Globe,na
499,8/4/2020,"U.S. border communities feel loss of Canadian tourists, shoppers and friends",Globe,na
500,8/4/2020,"As hundreds of stores shut down, retail landlords cut rents in bid to help struggling companies survive ",Globe,na
501,8/4/2020,Potential Tiktok-Microsoft deal threatens to ramp up tensions between U.S. and China,Globe,na
502,8/4/2020,"Ottawa’s hydrogen strategy must overcome challenges of high costs, lack of industry standards",Globe,na
503,8/4/2020,HSBC warns loan losses could hit $13-billion as profit plunges 65%,Globe,na
504,8/4/2020,Hiring a Black leader? Learn from my experience and treat it like it matters ,Globe,na
505,8/4/2020,"Before Canada bets big on hydrogen, or other clean technologies, it’s gut check time ",Globe,na
506,8/4/2020,Decades of progress on gender equality in the workplace at risk of vanishing,Globe,na
507,8/4/2020,How the COVID-19 pandemic may sabotage retirement for boomers and Gen X,Globe,na
508,8/4/2020,‘Opportunity widens’ in Canadian REIT sector: Analyst,Globe,na
509,8/4/2020,Future proofing: Upgrade fading offices or convert them to residential?,Globe,na
510,8/4/2020,U.K. tech investment fund chooses Canada for North American headquarters,Globe,na
511,8/4/2020,A Q&A with David Rosenberg: Pandemic economy calls for discipline and patience,Globe,na
512,8/4/2020,"Halifax startup Groundhog sues U.S. company, claiming it stole trade secrets",Globe,na
513,8/4/2020,CI Financial’s U.S. wealth business to grow by 70 per cent with acquisition of Illinois based BDF,Globe,na
514,8/4/2020,BMO signs deal to offer digital chequing accounts in U.S. through Google Pay,Globe,na
515,8/4/2020,"Pandemic-fuelled oil crash hastens Europe’s flight, but oil sands are resilient ",Globe,na
516,8/4/2020,Husky targets 25% emissions cut by 2025,Globe,na
517,8/4/2020,Alberta and Ottawa sign deal that reduces oil sands environmental monitoring ,Globe,na
518,8/4/2020,"BP halves dividend after record loss, speeds up reinvention",Globe,na
519,8/4/2020,Canadian dollar weakens as investors weigh rising U.S.-China tensions,Globe,na
520,8/4/2020,"Booking.com plans to reduce 25% of its 17,000 work force due to pandemic",Globe,na
521,8/4/2020,Argentina strikes $65-billion debt deal with three creditor groups to break impasse,Globe,na
522,8/4/2020,Google’s $2.1-billion Fitbit deal hits roadblock as EU antitrust regulators open investigation,Globe,na
523,8/4/2020,Google unveils its first 5G-enabled phones,Globe,na
524,8/4/2020,China’s Bytedance says it is looking at relocating TikTok’s headquarters,Globe,na
525,8/4/2020,"N.S. government sells Liscombe Lodge resort to private operator for $450,000",Globe,na
526,8/4/2020,"Hotels group Accor to cut 1,000 jobs after coronavirus loss",Globe,na
527,8/4/2020,Apple says it has no interest in buying TikTok,Globe,na
528,8/4/2020,Germany’s BaFin audits Wirecard accounts from 2017 to 2019,Globe,na
529,8/4/2020,"Porter again delays restart date, aims to resume flights in October",Globe,na
530,8/4/2020,Motor vehicles power U.S. factory orders in June,Globe,na
531,8/4/2020,Spirit AeroSystems posts bigger-than-expected loss as coronavirus hits aero parts demand,Globe,na
532,8/4/2020,Canadian factory activity resumes expansion in July as economy reopens,Globe,na
533,8/4/2020,Tesla slashes Model Y price amid pandemic,Globe,na
534,8/4/2020,Star Wars inspires new smart-skin technology,Globe,na
535,8/4/2020,Dragon to the rescue: Michele Romanow and partner launch new venture to source PPE during pandemic,Globe,na
536,8/4/2020,Holograms take virtual meetings to new levels,Globe,na
537,8/4/2020,Former BMO CEO Tony Comper revamps charity focused on anti-Semitism,Globe,na
538,8/4/2020,Calfrac investor Wilks Brothers launches rival restructuring deal,Globe,na
539,8/4/2020,Amazon starts preparations to launch in Sweden,Globe,na
540,8/4/2020,Ford CEO Jim Hackett to retire; COO Jim Farley to take over,Globe,na
541,8/4/2020,"Artificial intelligence isn’t destroying jobs, it’s making them more inclusive",Globe,na
542,8/4/2020,Sustaining a ‘work from anywhere’ culture post-pandemic,Globe,na
543,8/4/2020,Should I meet with my employer’s competitor to see what they can offer me?,Globe,na
544,8/4/2020,"Lord & Taylor, oldest U.S. department store, goes bankrupt",National_Post,https://financialpost.com/news/retail-marketing/lord-taylor-oldest-u-s-department-store-goes-bankrupt/wcm/ff1564b0-5ff3-442d-a9f3-69bbcd0274ee/
545,8/4/2020,Food suppliers feeling pinched as grocers hike fees,National_Post,https://financialpost.com/news/retail-marketing/one-sided-relationship-food-suppliers-feeling-pinched-as-grocers-hike-fees/wcm/c189acb1-9992-49f6-a8f8-c96111bd0f12/
546,8/4/2020,Has Warren Buffett lost his touch?,National_Post,https://financialpost.com/investing/investing-pro/has-warren-buffett-lost-his-touch/wcm/778dab0f-33d6-4cb8-b673-c861a9a1d381/
547,8/4/2020,"Bytes over bits: How the drilling industry is turning to algos, automation and software to cut costs",National_Post,https://financialpost.com/news/bytes-over-bits-how-the-drilling-industry-is-turning-to-algorithms-automation-and-software-to-cut-costs/wcm/3f32d527-1bcf-45e3-b1f3-f62f441a5154/
548,8/4/2020,Does it make sense for Microsoft to buy TikTok's U.S. arm?,National_Post,https://financialpost.com
549,8/4/2020,Tech titans in the hot seat as tactics likened to railway cartels of old,National_Post,https://financialpost.com
550,8/4/2020,COVID-19 is forcing people to take stock of their lives — and their financial goals are changing in the process,National_Post,https://financialpost.com
551,8/4/2020,Next Premier of Newfoundland and Labrador aims to pull province off ‘well-worn path of boom and bust’,National_Post,https://financialpost.com
552,8/4/2020,"Posthaste: With eviction notices looming for 28 million Americans, the U.S. economy needs another shot in the arm — and fast",National_Post,https://financialpost.com
553,8/4/2020,Wilks Brothers swoop in with competing offer for Calfrac; says management deal favours insiders,National_Post,https://financialpost.com
554,8/4/2020,"7-Eleven owner beats out Couche-Tard with $21 billion deal for 3,900 Speedway outlets",National_Post,https://financialpost.com
555,8/4/2020,Is the endgame near for oil?,National_Post,https://financialpost.com
556,8/4/2020,What Role Does the Housing Market Play in Sustaining Canada’s Financial Stability?,CD_Howe,https://www.cdhowe.org/essential-public-policy-events/what-role-does-housing-market-play-sustaining-canada%E2%80%99s-financial-stability
557,8/4/2020,"Knubley, Hunter – Three Principles for Tougher Foreign Takeover Reviews",CD_Howe,https://www.cdhowe.org/intelligence-memos/knubley-hunter-%E2%80%93-three-principles-tougher-foreign-takeover-reviews
558,7/29/2020,Want a more diverse work force? Move beyond inclusion to belonging,Globe,
559,7/29/2020,Big Tech can’t keep rising when the economy is sinking ,Globe,
560,7/29/2020,Office politics: Why worthy adversaries are as valuable as friends,Globe,
561,7/29/2020,What record high gold prices mean for mining companies in Canada — podcast,National_Post,
562,7/29/2020,Here’s a way Canadians with RRSP savings can get the most out of their CPP benefits,Globe,
563,7/29/2020,Oil lobby group wants changes to federal support programs ,Globe,
564,7/29/2020,Walmart to impose new fees on suppliers to offset $3.5-billion investment in Canada,Globe,
565,7/29/2020,HSBC accused of co-operating with U.S. in arrest of Huawei’s Meng on Beijing-backed website,Globe,
566,7/29/2020,Canada risks trade spat with Japan over restrictions on log exports,Globe,
567,7/29/2020,Market movers: Stocks that saw action on Wednesday - and why,Globe,
568,7/29/2020,Sun Life invests in booming telehealth provider Dialogue,Globe,
569,7/29/2020,Rival bidder tries to halt court approval of Torstar takeover by Nordstar ,Globe,
570,7/29/2020,London expects only half of bankers back at their desks this year,Globe,
571,7/29/2020,Former WE Charity board chair says she had little insight into finances,Globe,
572,7/29/2020,"Enbridge beats profit estimates, sees improving Mainline throughput",Calgary_Herald,
573,7/29/2020,Varcoe: Deutsche Bank move to stop oilsands financing sparks pushback in Alberta,Calgary_Herald,
574,7/29/2020,Calgary-based Swimco in creditor protection as COVID-19's economic toll continues,Calgary_Herald,
575,7/29/2020,The close: TSX jumps as Shopify surges; Wall Street adds to gains after Fed vows more support,Globe,
576,7/29/2020,Moderna plans to price COVID-19 vaccine to ensure broad access,Globe,
577,7/29/2020,Shopify’s revenue doubles as COVID-19 sparks boom in online retail,Globe,
578,7/29/2020,Cannabis-producer Aphria shares plunge on larger-than-expected loss,Globe,
579,7/29/2020,North Dakota pipeline doubts put Bakken shale field reboot on hold,Globe,
580,7/29/2020,‘There is no going back’: Federal review panel calls on Canada to endorse open banking,Globe,
581,7/29/2020,"France’s Total writes down $8-billion on weaker oil, gas outlook",Globe,
582,7/29/2020,EU watchdog tells banks to prepare for full Brexit,Globe,
583,7/29/2020,U.S. crude stocks see steepest weekly draw of 2020 as imports decrease,Globe,
584,7/29/2020,"Jeff Bezos, Mark Zuckerberg and Elon Musk have made $115 billion this year",National_Post,
585,7/29/2020,TikTok CEO argues U.S. needs the Chinese app to spur social-media competition,Globe,
586,7/29/2020,GM says it should be able to pay off $16-billion loan by end of 2020 if U.S. recovery continues,Globe,
587,7/29/2020,Boeing to cut 787 and 777 production as coronavirus hammers sales,Globe,
588,7/29/2020,"Class of 2020 could lose $25,000 in potential earnings owing to COVID-19, study finds",Globe,
589,7/29/2020,Gwyn Morgan: Ill-conceived WE program wasn't even needed in the first place,National_Post,
590,7/29/2020,Equitable Bank says mortgage deferrals have plummeted from their peak,National_Post,
591,7/29/2020,'Painful' process: RioCan CEO critical of Ottawa's rent assistance program as retail landlord suffers $350M loss,National_Post,
592,7/29/2020,Fed holds zero rates as Powell warns virus spike hitting economy,National_Post,
593,7/29/2020,"Total takes $7-billion writedown on oilsands projects, labels Fort Hills, Surmont as 'stranded' assets",National_Post,
594,7/29/2020,Most TD staff to work from home until the end of 2020 and possibly into 2021,National_Post,
595,7/29/2020,"Gold is surging, but silver could go ‘parabolic’ as precious metal ratio narrows",National_Post,
596,7/29/2020,Jack M. Mintz: We don't need higher taxes to slay government debt,National_Post,
597,7/29/2020,Enbridge CEO doesn't see major problems dealing with potential Biden administration,National_Post,
598,7/29/2020,Ottawa announces cellphone tracker to see if companies are cutting prices,Globe,
599,7/29/2020,Bird Construction acquiring Stuart Olson in $96.5-million deal,Globe,
600,7/29/2020,Federal Reserve’s Powell says coronavirus surge starting to weigh on economic recovery,Globe,
601,7/29/2020,Canadian dollar gains as investors sell greenbacks on ‘downbeat’ Fed,Globe,
602,7/29/2020,"U.S. housing market pushes ahead, trade flows improve",Globe,
603,7/29/2020,"Qualcomm forecasts sales above estimates, resolves licensing dispute with Huawei",Globe,
604,7/29/2020,Rare pause in tech appetite suggests some indigestion,Globe,
605,7/29/2020,Spotify misses revenue expectations as coronavirus deters advertisers,Globe,
606,7/29/2020,PayPal profit jumps 86% on pandemic-driven online spending shift,Globe,
607,7/29/2020,Henry’s gets court approval to restructure family owned camera retail chain,Globe,
608,7/29/2020,Privacy officials say LifeLabs has asked court to limit their breach report ,Globe,
609,7/29/2020,WTO set to skip naming acting director-general after U.S. push caused deadlock,Globe,
610,7/29/2020,"CEOs of Apple, Amazon, Google and Facebook getting heat from U.S. Congress on competition",Globe,
611,7/29/2020,Is this the end game for oil?,Globe,
612,7/29/2020,RioCan posts net loss of $350.8-million as tenants defer rent due to COVID-19,Globe,
613,7/29/2020,"Why gold is rallying. Plus, bargain dividend stocks and tools for timing the market",Globe,
614,7/28/2020,Edmonton’s first Black-owned market ready to open Sunday,Edmonton_Journal,
615,7/28/2020,RBC to raise $1.75-billion with new tax-efficient security ,Globe,
616,7/28/2020,Seven ways to spot a terrible boss (before you take the job),Globe,
617,7/28/2020,"‘America First’ means America alone – and in a postpandemic world, that would be disastrous",Globe,
618,7/28/2020,Could a federal recovery plan address both climate change and the ‘she-cession'?,Globe,
619,7/28/2020,You call this an economic recovery?,Globe,
620,7/28/2020,New recovery package and strong pandemic response set EU apart from Donald Trump’s America,Globe,
621,7/28/2020,Left behind by the market rally? Banks top this list of 10 dividend stocks that could still be a bargain ,Globe,
622,7/28/2020,How the pandemic could cost you some of your CPP retirement benefits,Globe,
623,7/28/2020,New condo sales in GTA in second quarter drop to lowest level since Great Recession ,Globe,
624,7/28/2020,"As gold hits all-time high, Canadian miners step back from its glare",Globe,
625,7/28/2020,Vancouver COVID-19 therapy developer AbCellera eyeing potential IPO as early as fall,Globe,
626,7/28/2020,Diversity experts urge financial firms to set specific staffing targets,Globe,
627,7/28/2020,Big Tech firms to testify Wednesday before U.S. Congress on antitrust,Globe,
628,7/28/2020,Robust corporate bond market has little need of BoC support program,Globe,
629,7/28/2020,Bank of Ireland fined €1.7-million over handling of online fraud case,Globe,
630,7/28/2020,HSBC aims to double number of senior Black staff by 2025: memo,Globe,
631,7/28/2020,Oil sands production expected to rebound after COVID-linked 2020 slump,Globe,
632,7/28/2020,Oil falls as U.S. fiscal package faces tough talks,Globe,
633,7/28/2020,"Boosting marginalized groups key to ‘feminist economic recovery,’ report says",Globe,
634,7/28/2020,Rising COVID-19 cases dent U.S. consumer confidence; housing market presses ahead,Globe,
635,7/28/2020,Canadian dollar’s advance stalls as oil prices decline,Globe,
636,7/28/2020,Facebook gets temporary reprieve from EU data requests in antitrust probe,Globe,
637,7/28/2020,Tired of working from home? Try a hotel room,Globe,
638,7/28/2020,"Once Canada’s oil relief valve, rail shipping grinds to near halt",Globe,
639,7/28/2020,'A light at the end of the tunnel': Beef industry recovering from COVID-19 impact,Edmonton_Journal,
640,7/28/2020,Credit agency says Edmonton airport passenger levels will take four years to return to pre-COVID-19 levels,Edmonton_Journal,
641,7/28/2020,Alberta powers up hydrogen sector with three small-scale projects as part of plan to reduce emissions,Edmonton_Journal,
642,7/28/2020,Solar power with a difference as ITER nuclear fusion assembly starts,Calgary_Herald,
643,7/28/2020,The close: Resource stocks weigh on TSX,Globe,
644,7/28/2020,Royal Bank cuts ties with beleaguered WE Charity,Globe,
645,7/28/2020,WE Charity ex-chair says she resigned over lack of financial disclosure during mass layoffs,Globe,
646,7/28/2020,"Virgin suspends WE Charity donations, Telus drops partnership, as sponsors review ties ",Globe,
647,7/28/2020,Judge approves NordStar’s $60-million takeover of Torstar,Globe,
648,7/28/2020,The fall of Canada’s razzle-dazzle paper. Can it find glory again?,Globe,
649,7/28/2020,The Torstar sale will have a lasting impact on Canada,Globe,
650,7/28/2020,New university graduates face poor prospects in tough job market,Globe,
651,7/28/2020,2020 vs. 2012 vs. 1984: Young adults have it harder than ever today,Globe,
652,7/28/2020,Scotiabank allows most staff to work remotely until 2021 ,Globe,
653,7/28/2020,George Weston posts $255-million loss as coronavirus-related costs pile up,Globe,
654,7/28/2020,"Sexism, racism at heart of female roofer’s $100,000 victory in federal tax court",Globe,
655,7/28/2020,Vacation properties see spike in demand as Canadians look for safe getaways,Globe,
656,7/28/2020,U.S. senator introduces bill to curb Big Tech’s targeted ads,Globe,
657,7/28/2020,"Class of 2020 could lose thousands in potential earnings owing to COVID-19, study finds",Globe,
658,7/28/2020,Apply for a Postmedia Local Marketing Grant,Edmonton_Journal,
659,7/28/2020,Canada's largest life insurers face their worst profit pinch in years,National_Post,
660,7/28/2020,Five ways being a kind person can help your career,Globe,
661,7/28/2020,When is my employer obligated to pay severance if I’m temporarily laid off?,Globe,
662,7/28/2020,'Diabolical': Suppliers ‘absolutely furious’ at Walmart Canada plan to recoup investment through new fees,National_Post,
663,7/28/2020,Canadian winemakers face devil’s choice as Australia claims victory in fracas over excise duty exemption,National_Post,
664,7/28/2020,Preparedness is the only cure for investor anxiety in these uncertain times,National_Post,
665,7/28/2020,Tiny Canadian miner answers Elon Musk's plea for sustainable nickel,National_Post,
666,7/28/2020,CMHC eyeing 'new tools' as mortgage deferral cliff looms for borrowers,National_Post,
667,7/28/2020,Royal Bank of Canada cuts ties with WE Charity,National_Post,
668,7/28/2020,"After initial economic rebound, brace for a 'stall-out' phase that could last six to 18 months",National_Post,
669,7/28/2020,Scotiabank headquarters employees to work from home until 2021,National_Post,
670,7/28/2020,You are being watched: Insurers are ramping up surveillance to stamp out disability benefits fraud,National_Post,
671,7/28/2020,Tesla's Elon Musk is only weeks away from his next multibillion-dollar payout,National_Post,
672,7/28/2020,Visa beats estimates as quarterly profit falls 23%,Globe,
673,7/28/2020,"'The worst time to migrate': Bankers fleeing Hong Kong face grim job markets, high taxes in places like Canada",National_Post,
674,7/28/2020,"Moving target: As Ontario eyes U.S. fund disclosure model, SEC considers looser standard",National_Post,
675,7/28/2020,Oreo-maker Mondelez raises dividend as North America cushions emerging markets blow,Globe,
676,7/28/2020,"EBay beats second-quarter sales estimates, raises full-year outlook",Globe,
677,7/28/2020,"Starbucks shares rise 3% as same-store sales beat on delivery, drive-thru boost",Globe,
678,7/28/2020,Former CBS digital chief Jim Lanzone takes top job at Tinder,Globe,
679,7/28/2020,"Global passenger air traffic will not recover until 2024, a year later than expected, IATA says",Globe,
680,7/28/2020,Gucci owner Kering says outlook unclear as virus hammers sales,Globe,
681,7/28/2020,Pfizer says COVID-19 vaccine trial has 'robust immune response',Globe,
682,7/28/2020,Rite Aid facial-recognition rollout runs into trouble,Globe,
683,7/28/2020,Comparing Blade Runner's vision of 2019 to our reality,Globe,
684,7/28/2020,Tuesday’s analyst upgrades and downgrades,Globe,
685,7/28/2020,Transat A.T. Inc. delays closing $720-million takeover by Air Canada ,Globe,
686,7/28/2020,China and EU to speed up negotiation on investment agreement,Globe,
687,7/28/2020,Spain unlocks first tranche of €8-billion from new credit lines for companies,Globe,
688,7/28/2020,British Airways faces strike threat over job cuts,Globe,
689,7/31/2020,"Businesses are accelerating their tech investment timelines, IBM Canada head says",National_Post,https://financialpost.com
690,7/31/2020,Posthaste: Housing affordability is a worry but one analyst believes the scales may tip in favour of buyers as early as this summer,National_Post,https://financialpost.com
691,7/31/2020,Air Canada flags lower cash burn as a positive after second-straight quarterly loss,National_Post,https://financialpost.com
692,7/31/2020,"Howard Levitt: If Trudeau and Morneau were running a corporation, conflicts of interest in WE case would have led to their dismissal",National_Post,https://financialpost.com
693,7/31/2020,Commuting pension could buy this Ontario woman more flexibility in retirement,National_Post,https://financialpost.com
694,7/31/2020,Supplier fears intensify as major grocer group demands match of any discount given to Walmart,National_Post,https://financialpost.com
695,7/31/2020,"Ottawa to create EI-like benefit for gig, contract workers as CERB winds down",National_Post,https://financialpost.com/news/economy/ottawa-create-benefit-gig-contract-workers-cerb-winds-down/wcm/97f99020-9f4a-4775-bed3-817ba5e1b6ed/
696,7/31/2020,Telus reports 3.6% revenue increase as COVID-19 batters telecoms,National_Post,https://financialpost.com
697,7/31/2020,Long road to economic recovery begins in May,CboC,https://www.conferenceboard.ca/press/newsrelease/2020/07/31/long-road-to-economic-recovery-begins-in-may
698,7/31/2020,Growing Canada’s liquefied natural gas industry will create jobs and boost economy for decades,CboC,https://www.conferenceboard.ca/press/newsrelease/2020/07/27/growing-canada-s-liquefied-natural-gas-industry-will-create-jobs-and-boost-economy-for-decades
699,7/31/2020,"Retail sales rebound, but remain below pre-pandemic levels",CboC,https://www.conferenceboard.ca/press/newsrelease/2020/07/21/retail-sales-rebound-but-remain-below-pre-pandemic-levels
700,7/31/2020,Merchandise Exports and Imports Fall in September,CboC,https://www.conferenceboard.ca/press/trending-insights/new-insights/2019/11/05/merchandise-exports-and-imports-fall-in-september
701,7/31/2020,Lower Gasoline Prices Continue to Weigh on Inflation,CboC,https://www.conferenceboard.ca/press/trending-insights/new-insights/2019/09/18/lower-gasoline-prices-continue-to-weigh-on-inflation
702,7/31/2020,"Canadian economy bounces back in May, but 'normal' could be a long time coming",National_Post,https://financialpost.com
703,7/31/2020,TC Energy gets approval to move 30% more oil through Keystone XL amid pipeline challenges,Edmonton_Journal,na
704,7/31/2020,William Watson: Third time lucky for committees,National_Post,https://financialpost.com/opinion/william-watson-third-time-lucky-for-committees/wcm/0d486e25-a02f-4b2d-a5de-271fd1fc8da3/
705,7/31/2020,Inside Access: Student Performance in PISA 2018 - Nettlesome Questions for Canada,CD_Howe,https://www.cdhowe.org/essential-public-policy-events/inside-access-student-performance-pisa-2018-nettlesome-questions-canada
706,7/31/2020,Canada's tax regime is overdue for a reset — and now it might actually happen,National_Post,https://financialpost.com/news/economy/canadas-tax-regime-is-overdue-for-a-reset-and-now-it-might-actually-happen/wcm/90de2951-38d0-417b-adb8-417e63dc3337/
707,7/31/2020,"Legal fees can be a burden, but they're only tax deductible in certain circumstances",National_Post,https://financialpost.com/personal-finance/taxes/legal-fees-can-be-a-burden-but-theyre-only-tax-deductible-in-certain-circumstances/wcm/9b4d78c3-d7e7-48a9-bda1-578c56aa25e8/
708,7/31/2020,Six things to think about as a result of pandemic management,Globe,na
709,7/31/2020,"After a COVID-19 layoff, can this food science grad find an R&D job?",Globe,na
710,7/31/2020,Report on Small Business Newsletter: Ottawa extends small-business rent-relief program for another month,Globe,na
711,7/31/2020,Yamana says Canadian Malartic gold mine exceeded post-coronavirus production targets,Globe,na
712,7/31/2020,"Small businesses added $117-billion of new debt to battle COVID-19, CFIB says ",Globe,na
713,7/31/2020,Alstom deal for Bombardier’s rail business gets EU antitrust approval,Globe,na
714,7/31/2020,"Canadians want advertisers to thank front-line workers, new poll suggests ",Globe,na
715,7/31/2020,Companies rush to pivot advertising plans during COVID-19 pandemic,Globe,na
716,7/31/2020,Why you should factor in your real estate when you make all investment decisions,National_Post,https://financialpost.com/investing/investing-pro/why-you-should-factor-in-your-real-estate-when-you-make-all-investment-decisions/wcm/a8c7cf1d-5d6f-43dd-b886-c8986081f10d/
717,7/31/2020,What role does the Housing Market play in Sustaining Canada’s Financial Stability?,CD_Howe,https://www.cdhowe.org/essential-public-policy-events/what-role-does-housing-market-play-sustaining-canada%E2%80%99s-financial-stability
718,7/31/2020,Managing a Pension Fund Through a Crisis,CD_Howe,https://www.cdhowe.org/essential-public-policy-events/managing-pension-fund-through-crisis
719,7/31/2020,Canadian Crude Oil Prices Expected to Strengthen in 2020,Deloitte,/ca/en/pages/press-releases/articles/canadian-crude-oil-prices-expected-to-strengthen-in-2020.html
720,7/31/2020,"Nielsen, Headset and Deloitte announce a strategic alliance to provide data & insights to legal cannabis market in Canada",Deloitte,/ca/en/pages/press-releases/articles/announce-a-strategic-alliance.html
721,7/31/2020,"Employee experience, engagement, and learning key factors in driving social enterprise",Deloitte,/ca/en/pages/press-releases/articles/human-capital-trends-2019.html
722,7/31/2020,Anthony Viel to be next Chief Executive Officer of Deloitte Canada,Deloitte,/ca/en/pages/press-releases/articles/ceo-announcement.html
723,7/31/2020,"Shake, rattle, and stall: Preparedness and perseverance key in 2019",Deloitte,/ca/en/pages/press-releases/articles/dampened-economic-growth-looming-recession.html
724,7/31/2020,"Talent a Strength, but Taxes & Regulation are Stifling Growth",Deloitte,/ca/en/pages/press-releases/articles/canada-competitiveness-scorecard-press-release.html
725,7/31/2020,Deloitte estimates next round of cannabis legalization will create a new $2.7-billion market in Canada,Deloitte,/ca/en/pages/press-releases/articles/cannabis-legalization.html
726,7/31/2020,Extended production curbs should help Canadian oil prices,Deloitte,/ca/en/pages/press-releases/articles/oil-gas-price-forecast.html
727,7/31/2020,Deloitte welcomes Beelogix to further expand capabilities and leadership in SAP Digital Supply Chain Solutions,Deloitte,/ca/en/pages/press-releases/articles/deloitte-welcomes-beelogix-leadership-sap-supply-chain-management.html
728,7/31/2020,Deloitte and TruTrace Technologies Inc. form strategic alliance to improve cannabis quality control and safety for retailers and consumers,Deloitte,/ca/en/pages/press-releases/articles/deloitte-and-trutrace-technologies-inc-form-strategic-alliance-cannabis-quality-control.html
729,7/31/2020,"While online shopping continues to gain momentum this holiday season, Amazon expected to be the first stop",Deloitte,/ca/en/pages/press-releases/articles/2019-retail-holiday-study.html
730,7/31/2020,"Attracting the right talent, the rise of AI, and data protection at the forefront for Deloitte Technology Fast 50 winners",Deloitte,/ca/en/pages/press-releases/articles/deloitte-technology-fast-50-winners.html
731,7/31/2020,Deloitte research reveals significant return on investment for workplace mental health programs,Deloitte,/ca/en/pages/press-releases/articles/significant-roi-for-workplace-mental-health-programs.html
732,7/31/2020,Deloitte expands cannabis practice with Cannabis Compliance Inc.  acquisition,Deloitte,/ca/en/pages/press-releases/articles/cannabis-compliance-inc-acquisition.html
733,7/31/2020,Deloitte’s 2020 TMT Predictions forecasts greater accessibility to AI via new chips at the edge,Deloitte,/ca/en/pages/press-releases/articles/deloittes-2020-tmt-predictions-forecast.html
734,7/31/2020,Deloitte Global mining report explores key trends in 2020,Deloitte,/ca/en/pages/press-releases/articles/deloitte-global-mining-trends-2020.html
735,7/31/2020,Agnico Eagle CEO sees more M&A among world’s biggest gold miners amid record-high bullion prices,Globe,na
736,7/31/2020,Canada’s Oil & Gas Sector Faces Slow Recovery,Deloitte,/ca/en/pages/press-releases/articles/canada-oil-gas-sector-faces-slow-recovery.html
737,7/31/2020,The future of the mall: Deloitte sees a new kind of shopping experience for the post-pandemic world,Deloitte,/ca/en/pages/press-releases/articles/the-future-of-mall.html
738,7/31/2020,John Pecman – Can Antitrust Laws Assist with the Economic Recovery? ,CD_Howe,https://www.cdhowe.org/intelligence-memos/john-pecman-%E2%80%93-can-antitrust-laws-assist-economic-recovery
739,7/31/2020,Jon Johnson – US Court Insists on Strict Compliance with Section 232 Requirements,CD_Howe,https://www.cdhowe.org/intelligence-memos/jon-johnson-%E2%80%93-us-court-insists-strict-compliance-section-232-requirements
740,7/31/2020,Investir notre épargne en accord avec l’urgence climatique - La Presse Opinion,CD_Howe,https://www.cdhowe.org/expert-op-eds/investir-notre-%C3%A9pargne-en-accord-avec-l%E2%80%99urgence-climatique-la-presse-opinion
741,7/31/2020,Joanne De Laurentiis – The Case for Speedy Reform of the Self-Regulatory Organizations Function,CD_Howe,https://www.cdhowe.org/intelligence-memos/joanne-de-laurentiis-%E2%80%93-case-speedy-reform-self-regulatory-organizations-function
742,7/31/2020, Robert Siddall – Accounting Standards Need to Keep Pace with the Evolution of Public Sector Pension Plans,CD_Howe,https://www.cdhowe.org/intelligence-memos/robert-siddall-%E2%80%93-accounting-standards-need-keep-pace-evolution-public-sector
743,7/31/2020,Student Performance in PISA 2018: Nettlesome Questions for Canada,CD_Howe,https://www.cdhowe.org/public-policy-research/student-performance-pisa-2018-nettlesome-questions-canada
744,7/31/2020,"Kronick, Ambler, Robson – Welcome Clarity about Monetary Policy in Pandemic Times",CD_Howe,https://www.cdhowe.org/intelligence-memos/kronick-ambler-robson-%E2%80%93-welcome-clarity-about-monetary-policy-pandemic-times
745,7/31/2020,Recovery requires speedy foreign investment review - Financial Post Op-Ed,CD_Howe,https://www.cdhowe.org/expert-op-eds/recovery-requires-speedy-foreign-investment-review-financial-post-op-ed
746,7/31/2020,Battling Job Losses in Times of COVID,CD_Howe,https://www.cdhowe.org/graphic-intelligence/battling-job-losses-times-covid
747,7/31/2020,COVID-19: The C.D. Howe Institute’s Complete Policy Analysis,CD_Howe,https://www.cdhowe.org/public-policy-research/covid-19-cd-howe-institute%E2%80%99s-complete-policy-analysis
748,7/31/2020,S2 E12  – COVID-19: Catalyst for Change in Canadian Health,CD_Howe,https://www.cdhowe.org/s2-e12-%E2%80%93-covid-19-catalyst-change-canadian-health
749,7/31/2020, COVID-19 Economic Dashboard,CD_Howe,https://www.cdhowe.org/covid-19-economic-dashboard
750,7/31/2020,We should remember that consumers control the narrative ,Globe,na
751,7/31/2020,How public libraries play a vital role in restoring the economy,Globe,na
752,7/31/2020,Flight attendants union wants Ottawa – not the airlines – to make the rules about COVID-19 safety measures ,Globe,na
753,7/31/2020,"With deep pockets and long time horizons, China targets struggling Canadian gold companies",Globe,na
754,7/31/2020,Ottawa orders federal review of Alberta coal mine expansion,Globe,na
755,7/31/2020,"U.S. lawmakers appear ready to rein in Amazon, Google, Apple and Facebook",Globe,na
756,7/31/2020,Australia to make Facebook and Google pay for news content,Globe,na
757,7/31/2020,Thyssenkrupp closes $20.4-billion sale of elevator business,Globe,na
758,7/31/2020,‘Trying to strong-arm unrealized profit from homeowners would result in rampant injustices.’ Readers debate: Should Canada scrap the homeowner tax break?,Globe,na
759,7/31/2020,"Private equity deals plunge in second quarter as pandemic casts chill among buyers, sellers ",Globe,na
760,7/31/2020,Why I decided to take the word ‘chief’ out of my CEO title to respect Indigenous people,Globe,na
761,7/31/2020,"When I look in the mirror, I see George Floyd – and so do others",Globe,na
762,7/31/2020,It’s getting less lonely at the top: The sea change happening in the C-suite ,Globe,na
763,7/31/2020,Urgent vs. important: How to fight your urgency bias when completing tasks,Globe,na
764,7/31/2020,The week’s most oversold and overbought stocks on the TSX,Globe,na
765,7/31/2020,Friday’s analyst upgrades and downgrades,Globe,na
766,7/31/2020,European airline and airport executives press Canada for safe ‘restoration of travel’ ,Globe,na
767,7/31/2020,EU clears Alstom $11.8-billion takeover of Bombardier’s train business,Globe,na
768,7/31/2020,Air Canada posts $1.7-billion quarterly loss as revenues plunge 89%,Globe,na
769,7/31/2020,Canada’s rail traffic tells a different story about the economic rebound,Globe,na
770,7/31/2020,"At midday: TSX falls on dismal second-quarter GDP estimate, poor earnings",Globe,na
771,7/31/2020,Shaw Communications launches Shaw Mobile wireless service,Calgary_Herald,na
772,7/31/2020,"Exxon, Chevron Earnings Gutted by Virus-Driven Demand Slump",Calgary_Herald,na
773,7/31/2020,Canadian economy grew 4.5% in May,Calgary_Herald,na
774,7/31/2020,Varcoe: Province unveils new plan to tackle old wells and environmental liabilities,Edmonton_Journal,na
775,7/31/2020,"Shaw Communications launches Shaw Mobile, brand-new wireless service",Edmonton_Journal,na
776,7/31/2020,Rent relief program has been a bust for many small businesses slammed by COVID,Edmonton_Journal,na
777,7/31/2020,Canadian financial institutions join data exchange to speed up development of open banking,Globe,na
778,7/31/2020,Varcoe: A sliver of good news in a stormy period — more pipeline capacity on Keystone,Edmonton_Journal,na
779,7/31/2020,How long will your kids cost you money?,Globe,na
780,7/31/2020,"GM partners with EVgo to add 2,700 new fast chargers in U.S.",Globe,na
781,7/31/2020,Caisse hires Canada’s retiring UN ambassador as executive in charge of global portfolio,Globe,na
782,7/31/2020,"Tesla demand has been resilient during coronavirus pandemic, Musk says",Globe,na
783,7/31/2020,Ottawa extends small business rent-relief program through August ,Globe,na
784,7/31/2020,SNC-Lavalin restructuring resources business to return to profitability in 2021,Globe,na
785,7/31/2020,"Canada’s GDP jumped 4.5 per cent in May, but likely fell 12 per cent in second quarter due to COVID-19",Globe,na
786,7/31/2020,U.S. coronavirus response poses risk to global economic recovery,Globe,na
787,7/31/2020,Algonquin Power & Utilities receives big boost to five-year growth plan,Globe,na
788,7/31/2020,Home buying and mortgage rates in the wake of COVID-19,Globe,na
789,7/31/2020,"Australia to force Facebook, Google to pay for news",Globe,na
790,7/31/2020,Searching for microplastics within the human body,Globe,na
791,7/31/2020,Video: Drawing Conclusions: How much does it cost to break a mortgage?,Globe,na
792,7/31/2020,Rob Carrick's personal finance tips amidst coronavirus,Globe,na
793,7/31/2020,The nuances of CERB are becoming clearer with time,Globe,na
794,7/31/2020,Laura’s Shoppe obtains creditor protection as Canadian retailers struggle with the pandemic,Globe,na
795,7/31/2020,Other grocers follow Walmart’s lead signalling they may ask for new fees from suppliers,Globe,na
796,7/31/2020,Telus reports 39% drop in profit last quarter as store closures and reduced roaming hit the bottom line,Globe,na
797,7/31/2020,Pinterest shares soar as pandemic lockdowns lead to increased usage,Globe,na
798,7/31/2020,U.S. set to unveil crackdown on China’s ByteDance over TikTok: sources,Globe,na
799,7/31/2020,Canadian GDP likely fell by record 12% in second quarter due to COVID-19,Globe,na
800,7/31/2020,U.S. consumer spending rises for second straight month in June,Globe,na
801,7/31/2020,Canadian dollar stays on track for best win streak in 6 years as it gains in July,Globe,na
802,7/31/2020,Exxon posts second-straight loss on plunging oil demand and prices,Globe,na
803,7/31/2020,Imperial Oil posts $526-million loss on coronavirus-led energy slump,Globe,na
804,7/31/2020,"BC Hydro says Site C dam project now faces delays, rising costs due to COVID-19 pandemic",Globe,na
805,7/31/2020,Mastercard beats profit estimates as lower costs cushion blow to consumer spending,Globe,na
806,7/31/2020,Canada’s insurers set for double-digit profit drops amid COVID-19,Globe,na
807,7/31/2020,Streetwise newsletter: Canada’s insurers set for double-digit profit drops amid COVID-19,Globe,na
808,7/31/2020,Economic slowdown hits the alternative lending business,Globe,na
809,7/31/2020,Canadian banks face rising loan losses as government COVID-19 support programs taper off,Globe,na
810,7/31/2020,Ontario real estate investors allege developers diverted millions for personal use,Globe,na
811,7/31/2020,Canada’s Best Managed Companies investing in technology and talent for future success,Deloitte,/ca/en/pages/press-releases/articles/best-managed-companies-invest-technology-talent-future-success.html
